Origin,OneHop,TwoHop,ThreeHop
0,2,0,0
,18,2,2
,19,18,18
,22,19,19
,25,22,22
,34,34,25
,35,35,34
,39,39,35
,43,43,39
,53,53,43
,62,62,53
,71,71,62
,73,73,71
,79,79,73
,85,85,79
,96,96,85
,98,98,96
,100,100,98
,111,111,100
,112,112,111
,114,114,112
,116,116,114
,119,119,116
,121,121,119
,124,124,121
,130,130,124
,135,135,130
,138,138,135
,143,143,138
,153,153,143
,164,169,153
,169,170,164
,170,174,169
,174,176,170
,176,177,174
,177,185,176
,185,189,177
,189,190,185
,190,191,189
,191,193,190
,193,195,191
,195,205,193
,205,209,195
,209,210,205
,210,211,209
,211,215,210
,215,216,211
,216,219,215
,219,221,216
,221,222,219
,222,223,221
,223,226,222
,225,234,223
,226,237,225
,234,238,226
,237,241,234
,238,247,237
,240,267,238
,241,271,240
,247,272,241
,267,273,247
,268,281,267
,271,282,268
,272,285,271
,273,286,272
,281,291,273
,282,304,281
,285,307,282
,286,312,285
,291,313,286
,304,319,291
,307,322,304
,312,323,307
,313,332,312
,319,333,313
,322,337,319
,323,341,322
,326,343,323
,332,346,326
,333,347,332
,336,350,333
,337,351,336
,338,354,337
,341,356,338
,343,360,341
,346,375,343
,347,376,346
,350,379,347
,351,384,350
,354,395,351
,356,401,354
,358,402,356
,360,408,358
,366,412,360
,375,413,366
,376,418,375
,379,425,376
,384,428,379
,395,429,384
,401,430,395
,402,443,401
,408,444,402
,412,446,408
,413,460,412
,414,468,413
,418,469,414
,425,472,418
,428,475,425
,429,476,428
,430,480,429
,443,482,430
,444,483,443
,445,486,444
,446,490,445
,460,491,446
,462,494,460
,468,497,462
,469,502,468
,472,503,469
,475,504,472
,476,506,475
,480,515,476
,482,520,480
,483,523,482
,486,525,483
,490,526,486
,491,527,490
,494,532,491
,497,533,494
,502,534,497
,503,539,502
,504,542,503
,506,546,504
,515,551,506
,520,552,515
,523,564,520
,525,570,523
,526,573,525
,527,574,526
,532,576,527
,533,578,532
,534,582,533
,539,583,534
,542,584,539
,546,585,542
,551,588,546
,552,590,551
,564,591,552
,570,595,564
,573,598,570
,574,601,573
,576,603,574
,578,605,576
,582,607,578
,583,615,582
,584,618,583
,585,620,584
,588,626,585
,590,629,588
,591,635,590
,595,636,591
,598,640,595
,601,648,598
,603,657,601
,605,661,603
,606,675,605
,607,677,606
,,678,607
,,680,615
,,682,618
,,686,620
,,687,626
,,688,629
,,692,635
,,695,636
,,698,640
,,708,648
,,714,649
,,716,654
,,726,656
,,728,657
,,730,661
,,734,668
,,735,673
,,737,675
,,753,677
,,756,678
,,763,680
,,776,682
,,783,686
,,786,687
,,798,688
,,802,692
,,807,695
,,819,698
,,825,708
,,830,714
,,831,716
,,836,719
,,842,724
,,854,726
,,865,728
,,869,730
,,872,734
,,880,735
,,898,737
,,900,741
,,906,753
,,908,756
,,918,763
,,930,772
,,946,774
,,947,776
,,948,783
,,956,784
,,970,786
,,976,790
,,984,798
,,993,802
,,1005,807
,,1010,819
,,1011,825
,,1014,830
,,1015,831
,,1045,836
,,1052,842
,,1069,854
,,1071,865
,,1075,866
,,1080,868
,,1108,869
,,1114,872
,,1120,880
,,1121,898
,,1129,900
,,1146,906
,,1150,908
,,1154,911
,,1158,918
,,1167,919
,,1171,930
,,1174,946
,,1176,947
,,1186,948
,,1192,956
,,1198,957
,,1201,959
,,1203,962
,,1236,970
,,1247,975
,,1251,976
,,1265,978
,,1266,984
,,1275,985
,,1282,993
,,1286,1001
,,1298,1005
,,1307,1008
,,1323,1010
,,1324,1011
,,1326,1014
,,1336,1015
,,1338,1017
,,1346,1045
,,1351,1050
,,1353,1052
,,1359,1069
,,1365,1071
,,1366,1073
,,1384,1075
,,1394,1080
,,1395,1086
,,1403,1102
,,1404,1105
,,1405,1108
,,1406,1114
,,1412,1120
,,1414,1121
,,1415,1129
,,1416,1146
,,1426,1150
,,1430,1154
,,1440,1158
,,1441,1167
,,1444,1171
,,1455,1174
,,1459,1176
,,1461,1186
,,1463,1189
,,1474,1192
,,1479,1198
,,1488,1199
,,1492,1200
,,1497,1201
,,1503,1203
,,1508,1207
,,1513,1229
,,1516,1233
,,1529,1235
,,1542,1236
,,1543,1247
,,1546,1251
,,1558,1265
,,1568,1266
,,1594,1274
,,1603,1275
,,1614,1277
,,1619,1282
,,1627,1286
,,1638,1288
,,1639,1298
,,1642,1307
,,1649,1317
,,1651,1323
,,1656,1324
,,1660,1326
,,1661,1327
,,1663,1336
,,1671,1338
,,1684,1340
,,1686,1341
,,1687,1346
,,1689,1351
,,1695,1352
,,1698,1353
,,1703,1356
,,1715,1359
,,1720,1365
,,1725,1366
,,1741,1381
,,1745,1384
,,1749,1388
,,1759,1394
,,1766,1395
,,1767,1403
,,1773,1404
,,1776,1405
,,1786,1406
,,1791,1412
,,1801,1414
,,1806,1415
,,1807,1416
,,1810,1426
,,1812,1430
,,1813,1440
,,1827,1441
,,1848,1444
,,1852,1455
,,1859,1459
,,1868,1461
,,1881,1463
,,1891,1474
,,1897,1479
,,1899,1488
,,1907,1492
,,1910,1497
,,1917,1503
,,1921,1508
,,1922,1513
,,1923,1516
,,1933,1529
,,1940,1542
,,1941,1543
,,1948,1546
,,1953,1558
,,1954,1568
,,1970,1594
,,1982,1603
,,1992,1614
,,1997,1619
,,1999,1627
,,2000,1638
,,2001,1639
,,2002,1642
,,2003,1649
,,2027,1651
,,2028,1656
,,2040,1660
,,2049,1661
,,2050,1663
,,2051,1671
,,2053,1684
,,2056,1686
,,2059,1687
,,2067,1689
,,2073,1695
,,2082,1698
,,2088,1703
,,2091,1715
,,2100,1720
,,2105,1725
,,2123,1741
,,2132,1745
,,2139,1749
,,2144,1759
,,2159,1766
,,2160,1767
,,2181,1773
,,2182,1776
,,2184,1786
,,2185,1791
,,2200,1801
,,2204,1806
,,2208,1807
,,2211,1810
,,2240,1812
,,2241,1813
,,2242,1827
,,2251,1848
,,2252,1852
,,2255,1859
,,2273,1868
,,2274,1881
,,2280,1891
,,2281,1897
,,2283,1899
,,2285,1907
,,2290,1910
,,2297,1917
,,2305,1921
,,2308,1922
,,2312,1923
,,2319,1933
,,2320,1940
,,2331,1941
,,2341,1948
,,2344,1953
,,2355,1954
,,2356,1970
,,2357,1982
,,2360,1992
,,2361,1997
,,2363,1999
,,2365,2000
,,2366,2001
,,2372,2002
,,2378,2003
,,2389,2027
,,2390,2028
,,2391,2040
,,2398,2049
,,2406,2050
,,2413,2051
,,2428,2053
,,2471,2056
,,2482,2059
,,2488,2067
,,2493,2073
,,2499,2082
,,2500,2088
,,2515,2091
,,2555,2100
,,2562,2105
,,2564,2123
,,2584,2132
,,2612,2139
,,2619,2144
,,2629,2159
,,2631,2160
,,2654,2181
,,2657,2182
,,2673,2184
,,2676,2185
,,2714,2200
,,2736,2204
,,2744,2208
,,2745,2211
,,2754,2240
,,2755,2241
,,2779,2242
,,2798,2251
,,2810,2252
,,2821,2255
,,2842,2273
,,2861,2274
,,2867,2280
,,2878,2281
,,2890,2283
,,2909,2285
,,2914,2290
,,2917,2297
,,2918,2305
,,2935,2308
,,2970,2312
,,2990,2319
,,3002,2320
,,3010,2331
,,3012,2341
,,3018,2344
,,3021,2355
,,3039,2356
,,3073,2357
,,3074,2360
,,3087,2361
,,3089,2363
,,3092,2365
,,3100,2366
,,3120,2372
,,3123,2378
,,3128,2389
,,3138,2390
,,3157,2391
,,3165,2398
,,3166,2406
,,3167,2413
,,3175,2428
,,3180,2439
,,3206,2462
,,3207,2471
,,3210,2476
,,3222,2482
,,3229,2485
,,3231,2486
,,3273,2488
,,3279,2489
,,3287,2493
,,3301,2499
,,3315,2500
,,3325,2515
,,3328,2523
,,3332,2541
,,3336,2545
,,3337,2555
,,3340,2562
,,3359,2564
,,3364,2583
,,3371,2584
,,3380,2596
,,3382,2605
,,3384,2612
,,3386,2619
,,3401,2624
,,3425,2629
,,3426,2631
,,3431,2638
,,3440,2643
,,3446,2652
,,3455,2654
,,3465,2657
,,3471,2661
,,3480,2673
,,3485,2676
,,3495,2693
,,3528,2697
,,3538,2702
,,3539,2714
,,3541,2736
,,3545,2741
,,3559,2744
,,3563,2745
,,3571,2754
,,3574,2755
,,3578,2758
,,3579,2761
,,3580,2779
,,3624,2798
,,3631,2800
,,3643,2807
,,3660,2810
,,3661,2821
,,3667,2822
,,3679,2823
,,3682,2824
,,3684,2842
,,3691,2861
,,3695,2867
,,3700,2878
,,3708,2890
,,3711,2909
,,3716,2914
,,3724,2917
,,3736,2918
,,3738,2930
,,3742,2932
,,3756,2935
,,3758,2941
,,3762,2960
,,3769,2963
,,3771,2969
,,3779,2970
,,3784,2971
,,3806,2984
,,3813,2990
,,3817,3002
,,3822,3010
,,3824,3012
,,3827,3014
,,3842,3018
,,3844,3021
,,3870,3024
,,3888,3039
,,3895,3052
,,3914,3072
,,3925,3073
,,3933,3074
,,3935,3085
,,3936,3087
,,3944,3089
,,3955,3092
,,3960,3100
,,3961,3103
,,3964,3113
,,3978,3117
,,3988,3120
,,3992,3121
,,3996,3123
,,3999,3128
,,4007,3129
,,4019,3138
,,4033,3157
,,4043,3165
,,4051,3166
,,4053,3167
,,4067,3175
,,4072,3180
,,4082,3184
,,4088,3199
,,4131,3205
,,4141,3206
,,4153,3207
,,4161,3209
,,4165,3210
,,4167,3221
,,4177,3222
,,4196,3227
,,4198,3229
,,4202,3231
,,4206,3245
,,4210,3272
,,4216,3273
,,4226,3279
,,4231,3287
,,4248,3293
,,4268,3301
,,4279,3315
,,4283,3325
,,4287,3328
,,4290,3332
,,4302,3335
,,4368,3336
,,4370,3337
,,4379,3340
,,4383,3342
,,4390,3349
,,4394,3359
,,4397,3364
,,4398,3371
,,4406,3380
,,4411,3382
,,4413,3384
,,4420,3386
,,4427,3395
,,4435,3396
,,4445,3400
,,4473,3401
,,4478,3417
,,4496,3425
,,4500,3426
,,4501,3431
,,4517,3439
,,4520,3440
,,4522,3446
,,4534,3455
,,4535,3462
,,4542,3465
,,4546,3470
,,4559,3471
,,4578,3480
,,4585,3485
,,4587,3495
,,4589,3499
,,4590,3528
,,4594,3538
,,4595,3539
,,4597,3541
,,4602,3545
,,4616,3559
,,4617,3563
,,4620,3571
,,4626,3574
,,4627,3578
,,4631,3579
,,4632,3580
,,4639,3587
,,4645,3592
,,4657,3609
,,4663,3624
,,4669,3631
,,4670,3643
,,4677,3660
,,4678,3661
,,4679,3666
,,4683,3667
,,4686,3679
,,4687,3682
,,4697,3684
,,4698,3691
,,4699,3693
,,4703,3695
,,4705,3697
,,4716,3700
,,4723,3708
,,4730,3711
,,4735,3716
,,4738,3724
,,4743,3736
,,4749,3738
,,4753,3742
,,4756,3756
,,4757,3758
,,4770,3762
,,4775,3769
,,4779,3771
,,4781,3779
,,4785,3784
,,4792,3806
,,4793,3813
,,4804,3816
,,4807,3817
,,4819,3822
,,4835,3824
,,4837,3827
,,4840,3842
,,4843,3844
,,4848,3870
,,4855,3888
,,4858,3895
,,4860,3901
,,4867,3914
,,4874,3925
,,4879,3927
,,4883,3933
,,4893,3935
,,4896,3936
,,4897,3944
,,4902,3955
,,4904,3960
,,4913,3961
,,4914,3964
,,4916,3969
,,4923,3978
,,4926,3988
,,4929,3992
,,4930,3996
,,4936,3999
,,4937,4007
,,4941,4019
,,4943,4033
,,4947,4043
,,4952,4051
,,4954,4053
,,4956,4067
,,4958,4072
,,4969,4082
,,4972,4088
,,4977,4129
,,4982,4131
,,4985,4141
,,4989,4149
,,4994,4153
,,5007,4161
,,5017,4165
,,5048,4167
,,5103,4174
,,5144,4177
,,5146,4187
,,5164,4196
,,5166,4198
,,5169,4202
,,5177,4206
,,5189,4210
,,5190,4216
,,5200,4226
,,5209,4231
,,5214,4232
,,5221,4234
,,5222,4241
,,5230,4248
,,5236,4268
,,5242,4278
,,5243,4279
,,5245,4283
,,5247,4286
,,5257,4287
,,5269,4290
,,5276,4302
,,5280,4368
,,5284,4370
,,5303,4379
,,5314,4383
,,5324,4390
,,5337,4394
,,5353,4395
,,5365,4397
,,5379,4398
,,5384,4406
,,5388,4411
,,5390,4413
,,5411,4420
,,5427,4427
,,5452,4435
,,5461,4445
,,5479,4466
,,5496,4473
,,5504,4475
,,5524,4478
,,5533,4489
,,5556,4492
,,5575,4494
,,5576,4496
,,5604,4500
,,5607,4501
,,5667,4517
,,5676,4520
,,5686,4522
,,5696,4534
,,5697,4535
,,5714,4542
,,5717,4546
,,5735,4559
,,5737,4578
,,5739,4585
,,5749,4587
,,5764,4589
,,5780,4590
,,5798,4594
,,5808,4595
,,5812,4597
,,5831,4602
,,5843,4616
,,5844,4617
,,5845,4620
,,5847,4626
,,5862,4627
,,5917,4631
,,5947,4632
,,5970,4639
,,5975,4641
,,5982,4645
,,5996,4657
,,6027,4660
,,6031,4663
,,6038,4669
,,6040,4670
,,6046,4677
,,6047,4678
,,6056,4679
,,6078,4680
,,6089,4683
,,6112,4686
,,6120,4687
,,6135,4690
,,6139,4697
,,6140,4698
,,6150,4699
,,6155,4703
,,6179,4705
,,6182,4716
,,6186,4717
,,6193,4723
,,6198,4730
,,6199,4735
,,6207,4738
,,6220,4743
,,6226,4749
,,6247,4750
,,6250,4753
,,6278,4756
,,6308,4757
,,6309,4761
,,6311,4770
,,6312,4775
,,6335,4779
,,6340,4780
,,6398,4781
,,6425,4785
,,6437,4792
,,6439,4793
,,6453,4801
,,6458,4804
,,6461,4807
,,6489,4808
,,6503,4817
,,6507,4819
,,6547,4820
,,6560,4828
,,6568,4833
,,6571,4835
,,6572,4837
,,6594,4840
,,6598,4843
,,6613,4848
,,6623,4855
,,6704,4858
,,6710,4860
,,6714,4861
,,6725,4864
,,6752,4867
,,6756,4874
,,6763,4879
,,6766,4880
,,6797,4883
,,6807,4890
,,6827,4893
,,6860,4896
,,6888,4897
,,6890,4900
,,6892,4902
,,6923,4904
,,6959,4906
,,6994,4913
,,7015,4914
,,7038,4916
,,7086,4923
,,7099,4926
,,7122,4929
,,7126,4930
,,7140,4936
,,7164,4937
,,7179,4941
,,7233,4943
,,7242,4947
,,7250,4952
,,7275,4954
,,7309,4956
,,7319,4958
,,7365,4969
,,7379,4972
,,7466,4977
,,7468,4982
,,7487,4985
,,7488,4989
,,7497,4994
,,7525,5007
,,7575,5017
,,7578,5048
,,7606,5103
,,7638,5142
,,7653,5143
,,7778,5144
,,7818,5146
,,7829,5148
,,7867,5155
,,7941,5164
,,7990,5166
,,8009,5169
,,8101,5177
,,8159,5189
,,8170,5190
,,8204,5200
,,8238,5209
,,8266,5214
,,8295,5221
,,8300,5222
,,8301,5230
,,8337,5234
,,8343,5236
,,8345,5242
,,8363,5243
,,8375,5245
,,8384,5247
,,8404,5257
,,8444,5268
,,8445,5269
,,8447,5276
,,8452,5280
,,8458,5284
,,8462,5303
,,8464,5314
,,8466,5324
,,8469,5337
,,8470,5353
,,8489,5365
,,8490,5379
,,8491,5384
,,8588,5388
,,8606,5390
,,8607,5406
,,8629,5411
,,8666,5427
,,8668,5452
,,8670,5460
,,8679,5461
,,8680,5479
,,8695,5496
,,8696,5504
,,8704,5524
,,8706,5526
,,8709,5533
,,8718,5549
,,8723,5556
,,8738,5563
,,8739,5575
,,8741,5576
,,8747,5604
,,8748,5607
,,8769,5608
,,8772,5667
,,8774,5669
,,8787,5676
,,8797,5686
,,8821,5695
,,8823,5696
,,8831,5697
,,8844,5703
,,8864,5711
,,8922,5714
,,8939,5717
,,8963,5722
,,8979,5728
,,9097,5735
,,9103,5736
,,9190,5737
,,9201,5739
,,9213,5749
,,9214,5764
,,9263,5780
,,9294,5798
,,9343,5799
,,9382,5808
,,9388,5812
,,9449,5822
,,9497,5831
,,9522,5843
,,9523,5844
,,9532,5845
,,9551,5847
,,9590,5854
,,9591,5862
,,9608,5908
,,9637,5917
,,9651,5947
,,9683,5958
,,9814,5966
,,9833,5970
,,9839,5975
,,9851,5982
,,9857,5994
,,9861,5996
,,9874,6027
,,9891,6031
,,9911,6037
,,9923,6038
,,10001,6040
,,10002,6046
,,10039,6047
,,10067,6056
,,10075,6058
,,10107,6071
,,10142,6078
,,10146,6089
,,10152,6112
,,10153,6116
,,10158,6120
,,10167,6122
,,10173,6125
,,10174,6135
,,10176,6139
,,10182,6140
,,10184,6150
,,10190,6152
,,10192,6155
,,10196,6156
,,10206,6159
,,10218,6179
,,10220,6182
,,10222,6186
,,10233,6193
,,10245,6198
,,10248,6199
,,10251,6207
,,10264,6220
,,10270,6226
,,10274,6247
,,10282,6250
,,10290,6252
,,10302,6263
,,10368,6276
,,10374,6278
,,10378,6292
,,10388,6307
,,10395,6308
,,10410,6309
,,10426,6311
,,10445,6312
,,10450,6329
,,10456,6335
,,10463,6336
,,10467,6340
,,10468,6343
,,10507,6398
,,10582,6421
,,10585,6425
,,10603,6437
,,10610,6439
,,10616,6453
,,10623,6458
,,10624,6461
,,10636,6466
,,10694,6489
,,10714,6503
,,10716,6507
,,10720,6547
,,10727,6560
,,10730,6566
,,10731,6568
,,10757,6571
,,10760,6572
,,10761,6594
,,10763,6598
,,10781,6613
,,10812,6623
,,10815,6691
,,10823,6704
,,10844,6710
,,10847,6714
,,10851,6725
,,10858,6752
,,10864,6756
,,10869,6763
,,10912,6764
,,10917,6766
,,10928,6771
,,10971,6794
,,10990,6797
,,10994,6798
,,11000,6804
,,11004,6807
,,11006,6827
,,11008,6837
,,11019,6860
,,11028,6888
,,11032,6890
,,11041,6892
,,11043,6894
,,11053,6903
,,11054,6923
,,11056,6959
,,11060,6969
,,11075,6994
,,11081,7015
,,11096,7038
,,11097,7049
,,11098,7086
,,11105,7099
,,11109,7126
,,11169,7140
,,11173,7164
,,11199,7166
,,11200,7179
,,11206,7180
,,11227,7233
,,11244,7242
,,11246,7250
,,11255,7275
,,11259,7309
,,11264,7319
,,11266,7365
,,11275,7371
,,11284,7379
,,11296,7466
,,11361,7468
,,11544,7472
,,11556,7487
,,11557,7488
,,11601,7497
,,11611,7511
,,11673,7515
,,11687,7525
,,11708,7575
,,11730,7578
,,11740,7606
,,11742,7618
,,11745,7638
,,11843,7653
,,11890,7739
,,11896,7778
,,11902,7818
,,11930,7829
,,11957,7840
,,12033,7867
,,12050,7941
,,12052,7990
,,12060,8009
,,12185,8031
,,12196,8090
,,12213,8101
,,12228,8109
,,12237,8159
,,12252,8170
,,12269,8179
,,12270,8204
,,12278,8238
,,12295,8246
,,12302,8266
,,12305,8295
,,12321,8300
,,12338,8301
,,12373,8337
,,12401,8343
,,12501,8345
,,12511,8363
,,12545,8375
,,12546,8384
,,12576,8399
,,12692,8400
,,12722,8404
,,12867,8444
,,12899,8445
,,12948,8447
,,13007,8452
,,13080,8458
,,13090,8462
,,13179,8464
,,13204,8466
,,13244,8469
,,13256,8470
,,13270,8472
,,13338,8474
,,13377,8489
,,13389,8490
,,13434,8491
,,13436,8588
,,13438,8606
,,13460,8607
,,13485,8629
,,13549,8666
,,13629,8668
,,13650,8670
,,13902,8679
,,14068,8680
,,14228,8695
,,14406,8696
,,14412,8704
,,14415,8706
,,14420,8709
,,14428,8718
,,14441,8723
,,14443,8738
,,14457,8739
,,14472,8741
,,14537,8747
,,14553,8748
,,14655,8769
,,14660,8772
,,14675,8774
,,14831,8787
,,14861,8797
,,14918,8821
,,14928,8823
,,14942,8831
,,14970,8844
,,14973,8864
,,14988,8887
,,15096,8922
,,15119,8923
,,15163,8939
,,15269,8941
,,15320,8963
,,15410,8979
,,15594,9023
,,15700,9063
,,15718,9097
,,16051,9103
,,16222,9106
,,16296,9108
,,16351,9190
,,16385,9201
,,16417,9213
,,16567,9214
,,16581,9263
,,16700,9294
,,16733,9299
,,16741,9343
,,16917,9382
,,16936,9388
,,17023,9395
,,17205,9449
,,17505,9497
,,17521,9522
,,17607,9523
,,17625,9532
,,17682,9551
,,17711,9590
,,17807,9591
,,17902,9608
,,18048,9618
,,18293,9622
,,18299,9637
,,18303,9647
,,18351,9651
,,18357,9656
,,18403,9683
,,18415,9814
,,18501,9833
,,18517,9839
,,18528,9851
,,18531,9857
,,18569,9861
,,18708,9867
,,18811,9873
,,18898,9874
,,18921,9891
,,18931,9911
,,19096,9923
,,19314,9936
,,19346,10001
,,19392,10002
,,19401,10026
,,19404,10034
,,19459,10039
,,19535,10067
,,19571,10075
,,19574,10100
,,19577,10101
,,19580,10107
,,19586,10122
,,19595,10129
,,19602,10131
,,19603,10132
,,19648,10137
,,19656,10142
,,19693,10146
,,19696,10147
,,19702,10152
,,19710,10153
,,19744,10158
,,19768,10167
,,19809,10173
,,19826,10174
,,19835,10176
,,19887,10182
,,19900,10184
,,19938,10190
,,19955,10192
,,20001,10196
,,20030,10206
,,20104,10218
,,20150,10220
,,20238,10222
,,20251,10233
,,20332,10245
,,20452,10248
,,20461,10251
,,20494,10264
,,20562,10270
,,20575,10274
,,20636,10282
,,20737,10290
,,20817,10298
,,20886,10302
,,20889,10367
,,21077,10368
,,21247,10374
,,21372,10378
,,21389,10379
,,21422,10388
,,21501,10393
,,21508,10395
,,21741,10396
,,21974,10410
,,21983,10426
,,21996,10441
,,21998,10445
,,22047,10450
,,22060,10456
,,22076,10463
,,22110,10467
,,22126,10468
,,22142,10507
,,22149,10516
,,22152,10541
,,22156,10557
,,22195,10582
,,22229,10603
,,22272,10610
,,22292,10616
,,22319,10624
,,22320,10636
,,22335,10643
,,22341,10672
,,22402,10677
,,22449,10694
,,22540,10695
,,22582,10699
,,22617,10701
,,22620,10706
,,22624,10714
,,22626,10716
,,22628,10720
,,22630,10721
,,22631,10727
,,22632,10730
,,22642,10731
,,22656,10757
,,22689,10760
,,22750,10761
,,22756,10762
,,22782,10763
,,22795,10781
,,22830,10812
,,22850,10815
,,22856,10823
,,22862,10829
,,22920,10832
,,22945,10837
,,22956,10844
,,22960,10847
,,22965,10851
,,23052,10858
,,23069,10864
,,23074,10869
,,23116,10889
,,23303,10891
,,23350,10911
,,23352,10912
,,23360,10917
,,23409,10923
,,23412,10928
,,23424,10931
,,23431,10938
,,23484,10962
,,23530,10971
,,23534,10974
,,23540,10990
,,23570,10994
,,23628,11000
,,23719,11004
,,23722,11006
,,23738,11008
,,23798,11019
,,23831,11025
,,23879,11028
,,23936,11030
,,23937,11032
,,23980,11041
,,24011,11043
,,24098,11051
,,24104,11053
,,24201,11054
,,24203,11056
,,24205,11060
,,24241,11070
,,24273,11075
,,24283,11081
,,24286,11084
,,24289,11096
,,24333,11097
,,24365,11098
,,24367,11102
,,24413,11105
,,24436,11109
,,24447,11135
,,24476,11147
,,24569,11166
,,24581,11169
,,24589,11173
,,24596,11199
,,24709,11200
,,24770,11204
,,24875,11206
,,24876,11224
,,24901,11227
,,24964,11244
,,24981,11246
,,25018,11255
,,25024,11258
,,25037,11259
,,25038,11261
,,25042,11263
,,25059,11264
,,25060,11266
,,25061,11267
,,25094,11275
,,25159,11284
,,25173,11289
,,25175,11295
,,25180,11296
,,25230,11315
,,25245,11336
,,25275,11351
,,25278,11361
,,25294,11366
,,25386,11372
,,25464,11431
,,25598,11543
,,25636,11544
,,25650,11556
,,25684,11557
,,25685,11595
,,25686,11601
,,25701,11611
,,25706,11638
,,25728,11673
,,25734,11682
,,25872,11687
,,25887,11708
,,26031,11730
,,26062,11740
,,26094,11742
,,26123,11745
,,26135,11760
,,26225,11786
,,26234,11843
,,26245,11890
,,26296,11896
,,26300,11902
,,26436,11930
,,26575,11957
,,26627,11971
,,26629,11975
,,26630,12033
,,26642,12044
,,26764,12050
,,26769,12052
,,26774,12060
,,26807,12082
,,26832,12092
,,26856,12185
,,26866,12196
,,26978,12213
,,27022,12228
,,27041,12237
,,27044,12252
,,27058,12269
,,27096,12270
,,27125,12278
,,27128,12295
,,27171,12302
,,27209,12305
,,27419,12321
,,27422,12327
,,27587,12338
,,27619,12369
,,27644,12373
,,27703,12401
,,27713,12413
,,27814,12456
,,27824,12501
,,28061,12505
,,28100,12511
,,28104,12545
,,28207,12546
,,28250,12576
,,28299,12602
,,28325,12622
,,28372,12629
,,28409,12642
,,28411,12675
,,28435,12689
,,28510,12692
,,28539,12696
,,28558,12698
,,28561,12701
,,28568,12720
,,28586,12722
,,28602,12729
,,28632,12766
,,28635,12768
,,28673,12772
,,28685,12788
,,28775,12804
,,28802,12850
,,28808,12867
,,28809,12876
,,28817,12879
,,28819,12888
,,28841,12899
,,28845,12911
,,28860,12937
,,28873,12942
,,28927,12948
,,28932,12951
,,28961,12982
,,28974,12999
,,29002,13007
,,29023,13014
,,29025,13035
,,29063,13080
,,29135,13090
,,29149,13137
,,29153,13141
,,29175,13179
,,29211,13204
,,29286,13244
,,29287,13256
,,29310,13270
,,29314,13338
,,29317,13377
,,29405,13389
,,29441,13398
,,29488,13434
,,29523,13436
,,29544,13438
,,29598,13460
,,29604,13484
,,29642,13485
,,29800,13532
,,29874,13536
,,29886,13549
,,29919,13561
,,29965,13629
,,30123,13650
,,30128,13666
,,30343,13756
,,30445,13759
,,30814,13770
,,30851,13825
,,30880,13832
,,31001,13902
,,31255,13989
,,31271,14040
,,31308,14041
,,31345,14068
,,31349,14155
,,31360,14228
,,31363,14406
,,31365,14412
,,31377,14415
,,31385,14420
,,31396,14428
,,31466,14441
,,31543,14443
,,31590,14447
,,31686,14457
,,31691,14472
,,31732,14509
,,31797,14522
,,32027,14537
,,32219,14541
,,32225,14553
,,32243,14560
,,32332,14655
,,32389,14660
,,32435,14666
,,32570,14673
,,32770,14675
,,32824,14682
,,32868,14735
,,32936,14745
,,32955,14767
,,33032,14788
,,33334,14814
,,33363,14831
,,33585,14854
,,33680,14861
,,33848,14898
,,33938,14918
,,34020,14928
,,34091,14940
,,34096,14942
,,34097,14967
,,34215,14970
,,34216,14973
,,34393,14988
,,34483,15000
,,34613,15026
,,34685,15075
,,34697,15082
,,34725,15091
,,34757,15094
,,34825,15096
,,34830,15119
,,34843,15123
,,34846,15163
,,34861,15176
,,34875,15269
,,34880,15277
,,34894,15281
,,34921,15320
,,34950,15352
,,34977,15364
,,35022,15399
,,35065,15410
,,35080,15543
,,35141,15546
,,35142,15585
,,35162,15594
,,35224,15609
,,35227,15700
,,35265,15718
,,35310,15760
,,35351,15771
,,35371,15781
,,35389,15794
,,35393,16024
,,35449,16051
,,35474,16101
,,35592,16158
,,35616,16222
,,35619,16296
,,35625,16320
,,35648,16351
,,35658,16385
,,35743,16415
,,35786,16417
,,35801,16443
,,35884,16514
,,35887,16567
,,35918,16581
,,35963,16700
,,36028,16733
,,36068,16737
,,36101,16741
,,36162,16750
,,36239,16802
,,36282,16866
,,36314,16917
,,36316,16936
,,36356,17023
,,36395,17111
,,36404,17143
,,36485,17198
,,36502,17205
,,36546,17360
,,36557,17440
,,36609,17443
,,36653,17477
,,36673,17500
,,36681,17505
,,36698,17521
,,36726,17562
,,36904,17607
,,37046,17625
,,37070,17653
,,37089,17682
,,37240,17711
,,37396,17775
,,37479,17807
,,37565,17841
,,37600,17850
,,37809,17902
,,37846,17907
,,37862,17926
,,37967,17927
,,38229,18048
,,38230,18055
,,38245,18075
,,38339,18146
,,38347,18167
,,38365,18217
,,38368,18293
,,38377,18299
,,38393,18303
,,38421,18317
,,38426,18351
,,38441,18357
,,38460,18362
,,38478,18399
,,38539,18403
,,38545,18412
,,38555,18415
,,38576,18428
,,38583,18430
,,38652,18441
,,38699,18478
,,38710,18484
,,38963,18495
,,39002,18497
,,39007,18501
,,39067,18517
,,39104,18528
,,39350,18531
,,39363,18550
,,39386,18569
,,39447,18582
,,39467,18627
,,39471,18707
,,39544,18708
,,39584,18811
,,39605,18844
,,39674,18847
,,39675,18898
,,39723,18921
,,39727,18927
,,39765,18931
,,39935,18945
,,40094,18993
,,40141,19050
,,40332,19074
,,40449,19096
,,40489,19138
,,40835,19161
,,41274,19162
,,41314,19164
,,41416,19170
,,41443,19177
,,41496,19194
,,41570,19285
,,41590,19309
,,41596,19314
,,41619,19325
,,41625,19346
,,41650,19385
,,42021,19392
,,42062,19401
,,42099,19404
,,42158,19424
,,42584,19438
,,42639,19439
,,42655,19445
,,42670,19459
,,42714,19468
,,42767,19524
,,42789,19531
,,42898,19535
,,43044,19571
,,43164,19574
,,43237,19577
,,43295,19580
,,43623,19585
,,43839,19586
,,43935,19595
,,44168,19601
,,44250,19602
,,44262,19603
,,44272,19627
,,44278,19648
,,44296,19656
,,44316,19687
,,44350,19693
,,44459,19696
,,44476,19702
,,44660,19710
,,44706,19717
,,45075,19740
,,45085,19744
,,45135,19768
,,45143,19769
,,45244,19809
,,45308,19826
,,46021,19835
,,46137,19841
,,46534,19867
,,46594,19887
,,46639,19900
,,46719,19938
,,46825,19946
,,47481,19955
,,47604,20001
,,47987,20006
,,48212,20011
,,48213,20030
,,48237,20072
,,48557,20084
,,48636,20104
,,48657,20107
,,48744,20148
,,48758,20150
,,48981,20161
,,49130,20238
,,49147,20251
,,49215,20332
,,49253,20341
,,49340,20452
,,49349,20461
,,49539,20494
,,49639,20562
,,49727,20570
,,49764,20575
,,49896,20610
,,50016,20624
,,50571,20636
,,51363,20737
,,51424,20740
,,51465,20792
,,51472,20817
,,52151,20829
,,52485,20886
,,52499,20889
,,52667,20897
,,52682,20936
,,52689,21077
,,52826,21182
,,53208,21247
,,53277,21250
,,53780,21372
,,54219,21389
,,54226,21422
,,54274,21501
,,54292,21504
,,54756,21508
,,54960,21565
,,55102,21593
,,55175,21625
,,55657,21727
,,55830,21741
,,55840,21757
,,56012,21961
,,56079,21974
,,56138,21983
,,56166,21996
,,56252,21998
,,56524,22047
,,56818,22060
,,57471,22076
,,57746,22110
,,57767,22126
,,57943,22142
,,58441,22149
,,58688,22152
,,58855,22156
,,58860,22195
,,59284,22229
,,59355,22272
,,60008,22279
,,60625,22292
,,60675,22295
,,60688,22319
,,60891,22320
,,60999,22335
,,61829,22341
,,61835,22402
,,61972,22440
,,62223,22449
,,62925,22540
,,63528,22554
,,63912,22582
,,64296,22617
,,65085,22620
,,65371,22624
,,65576,22626
,,66795,22628
,,67096,22630
,,67326,22631
,,67952,22632
,,68406,22642
,,68453,22656
,,69296,22689
,,69381,22750
,,69558,22756
,,69599,22782
,,70497,22795
,,70845,22830
,,70850,22850
,,70923,22856
,,70957,22862
,,71135,22869
,,71289,22920
,,71319,22945
,,71322,22946
,,71396,22956
,,72122,22960
,,72248,22965
,,72289,22988
,,72413,23052
,,72553,23069
,,72800,23074
,,72861,23112
,,73093,23116
,,73584,23275
,,73924,23303
,,74172,23350
,,74349,23352
,,74758,23360
,,74865,23375
,,75549,23408
,,76302,23409
,,77527,23412
,,77934,23424
,,78034,23431
,,78235,23432
,,79281,23436
,,79494,23450
,,79950,23484
,,80202,23530
,,80473,23534
,,80579,23540
,,80830,23543
,,81198,23570
,,81798,23618
,,81876,23628
,,82130,23719
,,82572,23722
,,83179,23738
,,84422,23798
,,85650,23831
,,86534,23861
,,86891,23879
,,87918,23936
,,88011,23937
,,88555,23980
,,88948,24011
,,88958,24098
,,90562,24104
,,92812,24201
,,94389,24203
,,94459,24205
,,95064,24241
,,98132,24273
,,99753,24283
,,99902,24286
,,100233,24289
,,100373,24333
,,100728,24365
,,100873,24367
,,101020,24391
,,101529,24413
,,102052,24436
,,102283,24447
,,102367,24476
,,102427,24516
,,103558,24536
,,104495,24569
,,104674,24575
,,105899,24581
,,105981,24589
,,106074,24590
,,106239,24591
,,106348,24596
,,106368,24597
,,106581,24695
,,106643,24700
,,107243,24707
,,107455,24709
,,107607,24732
,,107713,24755
,,108429,24759
,,108582,24760
,,108594,24770
,,109029,24875
,,109333,24876
,,109770,24901
,,109831,24964
,,110158,24981
,,110160,25018
,,110200,25024
,,110760,25037
,,111054,25038
,,111179,25042
,,111548,25059
,,111767,25060
,,111930,25061
,,112092,25094
,,112220,25139
,,112779,25159
,,112787,25161
,,112910,25173
,,112927,25175
,,113257,25180
,,113316,25230
,,113486,25245
,,113677,25275
,,113925,25278
,,113931,25294
,,114436,25386
,,115179,25464
,,116442,25487
,,116592,25510
,,116629,25598
,,116802,25636
,,116941,25650
,,117008,25684
,,117349,25685
,,117443,25686
,,117619,25701
,,117889,25706
,,118045,25728
,,118920,25734
,,118967,25872
,,118969,25887
,,118972,25890
,,119042,25898
,,119198,25919
,,119430,25932
,,119642,26031
,,120384,26049
,,120763,26062
,,121305,26094
,,121315,26123
,,121377,26135
,,121419,26200
,,121453,26219
,,121966,26225
,,121991,26234
,,122343,26245
,,122386,26296
,,122961,26300
,,123031,26319
,,123901,26436
,,124067,26575
,,124791,26627
,,124896,26629
,,125017,26630
,,125163,26642
,,125365,26705
,,125652,26760
,,125748,26764
,,125847,26769
,,126054,26774
,,126255,26807
,,126375,26832
,,126679,26856
,,126964,26866
,,127732,26885
,,127900,26913
,,131485,26978
,,131921,27022
,,132211,27041
,,133024,27044
,,133578,27058
,,133639,27096
,,134738,27125
,,135454,27128
,,135989,27171
,,137341,27209
,,137448,27331
,,137890,27419
,,138443,27422
,,139325,27587
,,139386,27619
,,139868,27644
,,141108,27703
,,142137,27713
,,142773,27814
,,144182,27824
,,144769,27833
,,147605,27845
,,149827,28061
,,153081,28094
,,153328,28100
,,153339,28104
,,153907,28207
,,155057,28214
,,157062,28250
,,157247,28279
,,158110,28299
,,159104,28325
,,159346,28372
,,159983,28375
,,160019,28399
,,161064,28409
,,169833,28411
,,171858,28412
,,175791,28424
,,178574,28435
,,185905,28444
,,186216,28448
,,187533,28470
,,189281,28508
,,,28510
,,,28529
,,,28539
,,,28558
,,,28561
,,,28568
,,,28586
,,,28602
,,,28632
,,,28635
,,,28673
,,,28685
,,,28775
,,,28802
,,,28808
,,,28809
,,,28817
,,,28819
,,,28841
,,,28845
,,,28860
,,,28873
,,,28927
,,,28932
,,,28961
,,,28974
,,,29002
,,,29023
,,,29025
,,,29062
,,,29063
,,,29098
,,,29105
,,,29135
,,,29149
,,,29153
,,,29175
,,,29211
,,,29225
,,,29242
,,,29286
,,,29287
,,,29294
,,,29305
,,,29310
,,,29314
,,,29317
,,,29345
,,,29348
,,,29372
,,,29405
,,,29441
,,,29442
,,,29467
,,,29485
,,,29488
,,,29495
,,,29506
,,,29523
,,,29524
,,,29544
,,,29555
,,,29598
,,,29604
,,,29642
,,,29669
,,,29670
,,,29702
,,,29722
,,,29737
,,,29800
,,,29874
,,,29886
,,,29888
,,,29913
,,,29919
,,,29923
,,,29927
,,,29929
,,,29939
,,,29953
,,,29965
,,,30006
,,,30075
,,,30121
,,,30123
,,,30128
,,,30250
,,,30343
,,,30445
,,,30481
,,,30514
,,,30527
,,,30563
,,,30599
,,,30701
,,,30792
,,,30814
,,,30851
,,,30865
,,,30880
,,,30969
,,,31001
,,,31005
,,,31041
,,,31255
,,,31261
,,,31271
,,,31308
,,,31345
,,,31349
,,,31360
,,,31363
,,,31365
,,,31377
,,,31385
,,,31396
,,,31466
,,,31490
,,,31543
,,,31590
,,,31686
,,,31691
,,,31732
,,,31797
,,,32027
,,,32164
,,,32219
,,,32225
,,,32243
,,,32300
,,,32305
,,,32332
,,,32348
,,,32349
,,,32389
,,,32399
,,,32400
,,,32409
,,,32415
,,,32435
,,,32452
,,,32477
,,,32506
,,,32570
,,,32574
,,,32591
,,,32605
,,,32659
,,,32722
,,,32734
,,,32750
,,,32768
,,,32770
,,,32821
,,,32824
,,,32827
,,,32868
,,,32936
,,,32955
,,,32969
,,,33019
,,,33032
,,,33039
,,,33063
,,,33123
,,,33229
,,,33303
,,,33308
,,,33313
,,,33334
,,,33345
,,,33363
,,,33413
,,,33441
,,,33480
,,,33585
,,,33674
,,,33680
,,,33693
,,,33712
,,,33729
,,,33730
,,,33783
,,,33848
,,,33887
,,,33929
,,,33938
,,,33990
,,,34020
,,,34039
,,,34091
,,,34094
,,,34096
,,,34097
,,,34141
,,,34144
,,,34215
,,,34216
,,,34218
,,,34223
,,,34329
,,,34353
,,,34393
,,,34412
,,,34483
,,,34534
,,,34602
,,,34613
,,,34685
,,,34686
,,,34697
,,,34725
,,,34756
,,,34757
,,,34780
,,,34825
,,,34830
,,,34843
,,,34846
,,,34861
,,,34875
,,,34880
,,,34894
,,,34921
,,,34950
,,,34977
,,,35022
,,,35065
,,,35080
,,,35141
,,,35142
,,,35162
,,,35224
,,,35227
,,,35265
,,,35310
,,,35351
,,,35371
,,,35389
,,,35393
,,,35449
,,,35474
,,,35592
,,,35616
,,,35619
,,,35625
,,,35648
,,,35658
,,,35743
,,,35786
,,,35801
,,,35884
,,,35887
,,,35916
,,,35918
,,,35924
,,,35963
,,,36002
,,,36028
,,,36059
,,,36068
,,,36075
,,,36095
,,,36101
,,,36162
,,,36169
,,,36239
,,,36282
,,,36314
,,,36316
,,,36356
,,,36395
,,,36404
,,,36424
,,,36456
,,,36485
,,,36502
,,,36546
,,,36557
,,,36609
,,,36653
,,,36673
,,,36681
,,,36698
,,,36712
,,,36726
,,,36749
,,,36798
,,,36814
,,,36819
,,,36904
,,,36908
,,,36928
,,,37046
,,,37070
,,,37089
,,,37240
,,,37262
,,,37371
,,,37377
,,,37388
,,,37396
,,,37401
,,,37479
,,,37561
,,,37565
,,,37595
,,,37600
,,,37622
,,,37661
,,,37664
,,,37667
,,,37703
,,,37742
,,,37764
,,,37809
,,,37846
,,,37862
,,,37877
,,,37887
,,,37928
,,,37936
,,,37967
,,,38006
,,,38022
,,,38025
,,,38026
,,,38032
,,,38075
,,,38083
,,,38099
,,,38110
,,,38121
,,,38129
,,,38151
,,,38165
,,,38170
,,,38172
,,,38175
,,,38201
,,,38229
,,,38230
,,,38238
,,,38245
,,,38252
,,,38276
,,,38277
,,,38293
,,,38318
,,,38339
,,,38342
,,,38343
,,,38347
,,,38349
,,,38356
,,,38365
,,,38368
,,,38371
,,,38377
,,,38379
,,,38388
,,,38393
,,,38394
,,,38406
,,,38409
,,,38421
,,,38424
,,,38426
,,,38428
,,,38430
,,,38441
,,,38443
,,,38448
,,,38459
,,,38460
,,,38463
,,,38464
,,,38467
,,,38478
,,,38494
,,,38495
,,,38496
,,,38537
,,,38539
,,,38545
,,,38555
,,,38576
,,,38577
,,,38583
,,,38585
,,,38592
,,,38622
,,,38624
,,,38643
,,,38652
,,,38657
,,,38680
,,,38681
,,,38699
,,,38710
,,,38736
,,,38843
,,,38849
,,,38870
,,,38873
,,,38878
,,,38907
,,,38912
,,,38921
,,,38963
,,,38992
,,,38994
,,,39002
,,,39007
,,,39067
,,,39104
,,,39147
,,,39161
,,,39179
,,,39185
,,,39190
,,,39199
,,,39202
,,,39214
,,,39222
,,,39226
,,,39233
,,,39256
,,,39328
,,,39332
,,,39336
,,,39350
,,,39363
,,,39370
,,,39371
,,,39384
,,,39386
,,,39407
,,,39424
,,,39439
,,,39446
,,,39447
,,,39452
,,,39456
,,,39461
,,,39465
,,,39467
,,,39471
,,,39478
,,,39537
,,,39541
,,,39544
,,,39547
,,,39556
,,,39557
,,,39559
,,,39561
,,,39571
,,,39577
,,,39578
,,,39579
,,,39581
,,,39584
,,,39587
,,,39588
,,,39596
,,,39602
,,,39605
,,,39608
,,,39610
,,,39611
,,,39612
,,,39613
,,,39619
,,,39622
,,,39623
,,,39625
,,,39627
,,,39637
,,,39674
,,,39675
,,,39686
,,,39723
,,,39727
,,,39729
,,,39739
,,,39743
,,,39745
,,,39746
,,,39747
,,,39765
,,,39766
,,,39784
,,,39785
,,,39789
,,,39885
,,,39935
,,,40004
,,,40020
,,,40092
,,,40094
,,,40096
,,,40109
,,,40141
,,,40160
,,,40300
,,,40302
,,,40306
,,,40332
,,,40441
,,,40449
,,,40489
,,,40496
,,,40536
,,,40537
,,,40543
,,,40552
,,,40624
,,,40655
,,,40678
,,,40744
,,,40835
,,,40938
,,,40959
,,,41014
,,,41069
,,,41078
,,,41264
,,,41274
,,,41314
,,,41350
,,,41357
,,,41395
,,,41416
,,,41418
,,,41442
,,,41443
,,,41465
,,,41473
,,,41474
,,,41491
,,,41496
,,,41507
,,,41524
,,,41525
,,,41539
,,,41564
,,,41570
,,,41584
,,,41590
,,,41592
,,,41596
,,,41599
,,,41609
,,,41619
,,,41625
,,,41626
,,,41650
,,,41948
,,,41968
,,,41994
,,,42006
,,,42019
,,,42021
,,,42031
,,,42061
,,,42062
,,,42099
,,,42158
,,,42316
,,,42382
,,,42426
,,,42451
,,,42462
,,,42478
,,,42480
,,,42557
,,,42584
,,,42636
,,,42639
,,,42655
,,,42659
,,,42670
,,,42694
,,,42714
,,,42721
,,,42741
,,,42753
,,,42767
,,,42789
,,,42800
,,,42845
,,,42846
,,,42854
,,,42898
,,,42946
,,,42960
,,,42990
,,,42997
,,,43002
,,,43011
,,,43026
,,,43044
,,,43110
,,,43164
,,,43208
,,,43231
,,,43232
,,,43237
,,,43295
,,,43298
,,,43306
,,,43494
,,,43623
,,,43673
,,,43679
,,,43705
,,,43710
,,,43737
,,,43839
,,,43840
,,,43935
,,,43957
,,,43958
,,,43981
,,,43992
,,,44001
,,,44007
,,,44016
,,,44032
,,,44054
,,,44073
,,,44168
,,,44194
,,,44210
,,,44211
,,,44241
,,,44250
,,,44262
,,,44272
,,,44278
,,,44293
,,,44296
,,,44309
,,,44314
,,,44316
,,,44350
,,,44385
,,,44388
,,,44391
,,,44416
,,,44445
,,,44459
,,,44476
,,,44536
,,,44538
,,,44653
,,,44660
,,,44664
,,,44666
,,,44680
,,,44696
,,,44706
,,,44720
,,,44730
,,,44740
,,,44762
,,,44768
,,,44785
,,,44847
,,,44968
,,,45017
,,,45023
,,,45056
,,,45075
,,,45083
,,,45085
,,,45125
,,,45132
,,,45135
,,,45143
,,,45244
,,,45308
,,,45375
,,,45388
,,,45741
,,,45872
,,,45886
,,,46021
,,,46072
,,,46094
,,,46106
,,,46115
,,,46137
,,,46313
,,,46381
,,,46393
,,,46414
,,,46534
,,,46594
,,,46639
,,,46719
,,,46825
,,,46991
,,,47044
,,,47185
,,,47203
,,,47220
,,,47350
,,,47351
,,,47363
,,,47366
,,,47390
,,,47481
,,,47587
,,,47604
,,,47605
,,,47622
,,,47745
,,,47783
,,,47860
,,,47876
,,,47882
,,,47890
,,,47901
,,,47905
,,,47908
,,,47934
,,,47987
,,,48016
,,,48024
,,,48054
,,,48088
,,,48097
,,,48211
,,,48212
,,,48213
,,,48217
,,,48235
,,,48237
,,,48239
,,,48245
,,,48269
,,,48282
,,,48306
,,,48375
,,,48456
,,,48459
,,,48461
,,,48464
,,,48522
,,,48525
,,,48534
,,,48537
,,,48545
,,,48555
,,,48557
,,,48636
,,,48657
,,,48709
,,,48744
,,,48758
,,,48837
,,,48839
,,,48842
,,,48860
,,,48874
,,,48931
,,,48954
,,,48969
,,,48979
,,,48981
,,,48990
,,,49009
,,,49060
,,,49092
,,,49101
,,,49130
,,,49144
,,,49147
,,,49181
,,,49202
,,,49215
,,,49239
,,,49247
,,,49248
,,,49253
,,,49304
,,,49333
,,,49340
,,,49346
,,,49349
,,,49363
,,,49366
,,,49370
,,,49383
,,,49386
,,,49403
,,,49415
,,,49493
,,,49498
,,,49539
,,,49564
,,,49573
,,,49600
,,,49623
,,,49633
,,,49639
,,,49701
,,,49727
,,,49752
,,,49758
,,,49761
,,,49764
,,,49804
,,,49886
,,,49896
,,,49904
,,,49906
,,,49909
,,,49918
,,,49938
,,,49939
,,,49952
,,,49961
,,,49963
,,,49968
,,,49973
,,,49990
,,,50005
,,,50014
,,,50016
,,,50081
,,,50182
,,,50247
,,,50337
,,,50347
,,,50538
,,,50571
,,,50663
,,,50832
,,,50878
,,,50905
,,,50907
,,,50921
,,,50998
,,,51039
,,,51072
,,,51363
,,,51424
,,,51465
,,,51472
,,,51498
,,,51545
,,,51574
,,,51584
,,,51615
,,,51816
,,,51841
,,,51842
,,,51847
,,,51864
,,,51877
,,,51888
,,,51938
,,,51955
,,,52004
,,,52111
,,,52132
,,,52134
,,,52151
,,,52176
,,,52197
,,,52365
,,,52481
,,,52485
,,,52489
,,,52499
,,,52577
,,,52660
,,,52667
,,,52682
,,,52686
,,,52688
,,,52689
,,,52699
,,,52754
,,,52826
,,,52890
,,,52905
,,,52925
,,,53208
,,,53209
,,,53277
,,,53675
,,,53695
,,,53700
,,,53780
,,,53843
,,,53848
,,,53959
,,,54035
,,,54063
,,,54093
,,,54219
,,,54226
,,,54274
,,,54292
,,,54333
,,,54430
,,,54470
,,,54495
,,,54598
,,,54599
,,,54607
,,,54655
,,,54660
,,,54690
,,,54701
,,,54713
,,,54756
,,,54782
,,,54805
,,,54815
,,,54825
,,,54828
,,,54836
,,,54934
,,,54940
,,,54960
,,,55073
,,,55077
,,,55102
,,,55122
,,,55175
,,,55189
,,,55192
,,,55195
,,,55220
,,,55245
,,,55316
,,,55363
,,,55383
,,,55428
,,,55452
,,,55567
,,,55653
,,,55657
,,,55660
,,,55682
,,,55691
,,,55706
,,,55718
,,,55719
,,,55733
,,,55748
,,,55756
,,,55765
,,,55770
,,,55802
,,,55803
,,,55813
,,,55830
,,,55840
,,,55914
,,,55929
,,,56012
,,,56045
,,,56079
,,,56138
,,,56166
,,,56252
,,,56256
,,,56267
,,,56271
,,,56280
,,,56292
,,,56307
,,,56332
,,,56334
,,,56412
,,,56488
,,,56505
,,,56524
,,,56546
,,,56572
,,,56601
,,,56602
,,,56632
,,,56651
,,,56657
,,,56708
,,,56712
,,,56739
,,,56741
,,,56759
,,,56776
,,,56787
,,,56814
,,,56818
,,,56906
,,,56916
,,,56950
,,,56984
,,,57088
,,,57089
,,,57115
,,,57162
,,,57163
,,,57255
,,,57264
,,,57271
,,,57318
,,,57334
,,,57471
,,,57612
,,,57613
,,,57626
,,,57688
,,,57746
,,,57750
,,,57751
,,,57767
,,,57774
,,,57786
,,,57790
,,,57795
,,,57809
,,,57936
,,,57943
,,,58239
,,,58340
,,,58351
,,,58441
,,,58487
,,,58501
,,,58503
,,,58509
,,,58523
,,,58688
,,,58758
,,,58838
,,,58853
,,,58855
,,,58860
,,,58899
,,,59010
,,,59122
,,,59174
,,,59239
,,,59284
,,,59355
,,,59473
,,,59530
,,,59722
,,,59781
,,,59785
,,,59896
,,,60008
,,,60056
,,,60073
,,,60200
,,,60625
,,,60627
,,,60661
,,,60675
,,,60688
,,,60891
,,,60949
,,,60985
,,,60999
,,,61254
,,,61262
,,,61283
,,,61303
,,,61829
,,,61835
,,,61856
,,,61972
,,,61979
,,,61980
,,,62009
,,,62223
,,,62678
,,,62695
,,,62716
,,,62722
,,,62732
,,,62838
,,,62878
,,,62904
,,,62925
,,,62955
,,,62956
,,,62971
,,,63105
,,,63163
,,,63343
,,,63528
,,,63588
,,,63837
,,,63869
,,,63912
,,,64014
,,,64049
,,,64296
,,,64317
,,,64705
,,,65016
,,,65039
,,,65080
,,,65085
,,,65371
,,,65576
,,,66094
,,,66177
,,,66226
,,,66269
,,,66468
,,,66492
,,,66504
,,,66506
,,,66549
,,,66554
,,,66725
,,,66795
,,,66811
,,,66923
,,,67013
,,,67096
,,,67280
,,,67326
,,,67337
,,,67622
,,,67794
,,,67952
,,,68309
,,,68310
,,,68406
,,,68453
,,,68488
,,,68667
,,,68739
,,,69116
,,,69141
,,,69161
,,,69175
,,,69296
,,,69320
,,,69381
,,,69477
,,,69515
,,,69518
,,,69558
,,,69599
,,,69630
,,,69649
,,,69658
,,,69710
,,,69729
,,,69783
,,,69859
,,,70022
,,,70497
,,,70845
,,,70850
,,,70884
,,,70908
,,,70923
,,,70957
,,,71002
,,,71125
,,,71135
,,,71244
,,,71289
,,,71319
,,,71322
,,,71363
,,,71396
,,,71461
,,,71585
,,,72096
,,,72122
,,,72127
,,,72135
,,,72248
,,,72289
,,,72413
,,,72553
,,,72788
,,,72800
,,,72860
,,,72861
,,,72888
,,,72897
,,,73052
,,,73093
,,,73393
,,,73435
,,,73584
,,,73655
,,,73881
,,,73890
,,,73909
,,,73924
,,,74056
,,,74112
,,,74140
,,,74172
,,,74242
,,,74318
,,,74321
,,,74349
,,,74758
,,,74865
,,,75043
,,,75549
,,,75918
,,,76148
,,,76302
,,,76414
,,,77022
,,,77527
,,,77596
,,,77651
,,,77738
,,,77790
,,,77934
,,,77966
,,,78034
,,,78185
,,,78198
,,,78235
,,,78710
,,,78745
,,,78892
,,,78949
,,,79045
,,,79281
,,,79428
,,,79494
,,,79801
,,,79866
,,,79876
,,,79950
,,,80202
,,,80236
,,,80375
,,,80406
,,,80473
,,,80579
,,,80704
,,,80710
,,,80830
,,,80976
,,,81198
,,,81421
,,,81429
,,,81604
,,,81798
,,,81876
,,,82130
,,,82326
,,,82541
,,,82572
,,,82693
,,,82705
,,,82956
,,,83179
,,,83437
,,,83822
,,,83839
,,,83844
,,,83955
,,,84156
,,,84422
,,,84560
,,,84572
,,,84651
,,,84658
,,,85561
,,,85650
,,,86534
,,,86748
,,,86830
,,,86878
,,,86891
,,,87112
,,,87186
,,,87370
,,,87441
,,,87918
,,,88011
,,,88184
,,,88309
,,,88555
,,,88573
,,,88707
,,,88948
,,,88958
,,,89605
,,,89732
,,,89799
,,,90273
,,,90283
,,,90478
,,,90562
,,,90613
,,,90775
,,,90786
,,,91184
,,,91701
,,,91967
,,,92812
,,,93015
,,,93269
,,,93694
,,,93712
,,,93917
,,,94389
,,,94459
,,,94748
,,,94753
,,,95064
,,,96239
,,,96276
,,,96349
,,,97394
,,,97403
,,,97433
,,,97903
,,,97940
,,,98132
,,,99230
,,,99753
,,,99902
,,,100233
,,,100253
,,,100256
,,,100373
,,,100404
,,,100728
,,,100800
,,,100873
,,,101020
,,,101529
,,,101575
,,,101683
,,,101761
,,,101848
,,,101866
,,,102052
,,,102101
,,,102283
,,,102367
,,,102427
,,,102579
,,,102802
,,,102869
,,,102886
,,,103357
,,,103367
,,,103370
,,,103372
,,,103380
,,,103387
,,,103558
,,,103655
,,,103730
,,,103803
,,,103904
,,,103938
,,,103959
,,,104495
,,,104674
,,,104730
,,,105051
,,,105116
,,,105328
,,,105899
,,,105939
,,,105981
,,,106074
,,,106239
,,,106348
,,,106368
,,,106541
,,,106581
,,,106643
,,,106751
,,,106784
,,,107001
,,,107012
,,,107143
,,,107243
,,,107428
,,,107439
,,,107455
,,,107536
,,,107544
,,,107553
,,,107562
,,,107576
,,,107586
,,,107596
,,,107607
,,,107660
,,,107713
,,,107863
,,,108429
,,,108491
,,,108494
,,,108582
,,,108594
,,,108642
,,,108766
,,,109029
,,,109056
,,,109057
,,,109068
,,,109333
,,,109706
,,,109768
,,,109770
,,,109831
,,,110158
,,,110159
,,,110160
,,,110200
,,,110210
,,,110346
,,,110613
,,,110760
,,,110865
,,,110876
,,,111011
,,,111053
,,,111054
,,,111179
,,,111438
,,,111548
,,,111565
,,,111767
,,,111930
,,,112092
,,,112220
,,,112312
,,,112491
,,,112631
,,,112638
,,,112664
,,,112665
,,,112779
,,,112787
,,,112910
,,,112927
,,,113257
,,,113266
,,,113316
,,,113486
,,,113502
,,,113654
,,,113659
,,,113660
,,,113677
,,,113925
,,,113931
,,,114160
,,,114436
,,,114505
,,,114592
,,,114608
,,,114740
,,,115179
,,,115218
,,,115262
,,,115455
,,,115554
,,,115779
,,,116187
,,,116237
,,,116441
,,,116442
,,,116592
,,,116629
,,,116680
,,,116802
,,,116930
,,,116941
,,,116949
,,,117008
,,,117152
,,,117156
,,,117277
,,,117289
,,,117349
,,,117374
,,,117379
,,,117382
,,,117391
,,,117397
,,,117443
,,,117492
,,,117619
,,,117728
,,,117729
,,,117805
,,,117889
,,,118045
,,,118125
,,,118351
,,,118545
,,,118920
,,,118967
,,,118969
,,,118972
,,,119042
,,,119150
,,,119198
,,,119342
,,,119430
,,,119549
,,,119554
,,,119642
,,,119651
,,,119722
,,,119732
,,,120384
,,,120763
,,,120830
,,,121305
,,,121315
,,,121377
,,,121419
,,,121453
,,,121654
,,,121775
,,,121966
,,,121991
,,,122333
,,,122343
,,,122386
,,,122828
,,,122961
,,,123031
,,,123827
,,,123901
,,,124001
,,,124067
,,,124070
,,,124662
,,,124791
,,,124896
,,,125017
,,,125163
,,,125365
,,,125469
,,,125652
,,,125748
,,,125847
,,,126054
,,,126202
,,,126255
,,,126256
,,,126263
,,,126375
,,,126376
,,,126448
,,,126633
,,,126679
,,,126964
,,,127083
,,,127119
,,,127385
,,,127730
,,,127732
,,,127766
,,,127848
,,,127900
,,,128315
,,,129469
,,,131011
,,,131485
,,,131582
,,,131813
,,,131921
,,,132059
,,,132063
,,,132211
,,,132243
,,,132332
,,,132337
,,,132345
,,,133024
,,,133578
,,,133639
,,,133741
,,,134477
,,,134738
,,,135454
,,,135520
,,,135989
,,,136001
,,,136485
,,,137002
,,,137012
,,,137134
,,,137341
,,,137448
,,,137890
,,,138443
,,,139325
,,,139386
,,,139868
,,,140922
,,,141108
,,,142137
,,,142182
,,,142326
,,,142461
,,,142773
,,,144182
,,,144769
,,,146227
,,,147237
,,,147605
,,,149827
,,,152499
,,,153081
,,,153328
,,,153339
,,,153555
,,,153907
,,,155057
,,,155089
,,,157043
,,,157062
,,,157247
,,,158110
,,,159104
,,,159346
,,,159983
,,,160019
,,,161064
,,,169833
,,,171858
,,,175791
,,,176235
,,,176357
,,,178574
,,,179880
,,,185905
,,,186216
,,,187533
,,,189281
,,,195418
